timestamp,symbol,price,pct_1h,pct_24h,pct_7d,market_cap,volume_24h
2025-11-11 15:00:00+00:00,BTC,104193.18479850743,-0.12606545,-0.94831516,-0.15657158,2078379487688.279,72682686077.38982
2025-11-11 15:00:00+00:00,XAN,0.03492782571808975,0.25441096,-11.94555603,24.2995874,87319564.29522437,35600481.68622267
2025-11-11 15:00:00+00:00,ORCA,1.4692881858151474,1.13861397,-1.69531281,6.99628559,88388266.59793027,9207193.60398252
2025-11-11 15:00:00+00:00,WAVES,0.7438179270895912,0.20821104,0.8896492,9.90069909,88746334.59802815,17278315.47640136
2025-11-11 15:00:00+00:00,ICX,0.08297347141626553,0.76481027,0.92266368,12.13234222,89601384.14889449,3215788.10900796
2025-11-11 15:00:00+00:00,UMA,1.0159598324814345,0.9564003,-4.10993566,2.57610611,89670142.0715523,15984042.76294067
2025-11-11 15:00:00+00:00,YU,0.9992232244116465,-0.02089657,0.00139937,-0.06487437,89729199.17871803,198266.38146422
2025-11-11 15:00:00+00:00,KUB,1.3118803114044755,-0.69578372,-0.79493981,1.83546042,90486650.61793394,294501.45256269
2025-11-11 15:00:00+00:00,XYO,0.006663747460675465,-0.0811892,-2.01645677,4.7453452,90994705.88890025,10516331.92286469
2025-11-11 15:00:00+00:00,MNEE,0.9992186656022015,0.0573256,0.06826689,0.20482532,91274175.2755828,100738.57030631
2025-11-11 15:00:00+00:00,LUCIC,0.5571594866856758,-0.4222454,-5.16340585,-6.03014865,91432877.64055008,439606.4150466
2025-11-11 15:00:00+00:00,SNT,0.019050323147200898,-0.54102019,2.80642696,15.04634163,91387482.7467366,11014633.28844372
2025-11-11 15:00:00+00:00,QRL,1.349571541213374,-0.87644729,-4.60667485,-7.72220561,91686071.222575,72732.42622313
2025-11-11 15:00:00+00:00,VANA,3.0536222065746013,2.33177761,1.41325226,7.5471575,91865170.4625903,14394377.39647451
2025-11-11 15:00:00+00:00,NXPC,0.4173911733811817,1.90993964,10.30387337,30.24434458,92085649.57545032,32843173.72973433
2025-11-11 15:00:00+00:00,RED,0.31766669648435675,1.02550244,-3.84835524,8.80786902,92695846.3012014,20156121.87666668
2025-11-11 15:00:00+00:00,REAL,0.06763526601065212,-0.03131422,-2.40121563,-1.85054217,92933679.40626249,22343274.59079757
2025-11-11 15:00:00+00:00,ETHW,0.8632543503090134,0.24891743,-2.38422735,11.18452402,93075219.97581546,9401666.0312422
2025-11-11 15:00:00+00:00,STG,0.14146538977958217,0.89267316,-0.39573938,15.85788497,93501743.32386422,4926697.14285045
2025-11-11 15:00:00+00:00,MOODENG,0.09523004081163479,0.83626739,-1.83230323,9.23855783,94275054.07548629,16820815.02566777
2025-11-11 15:00:00+00:00,MEME,0.0016161432056548443,1.32473825,-3.40842783,15.60914589,95187305.79776071,18576373.94287743
2025-11-11 15:00:00+00:00,EDU,0.16140242173640643,0.96901043,-2.72952914,0.2753277,96814606.33142675,9616925.44145937
2025-11-11 15:00:00+00:00,LRC,0.07217999538122187,5.40485269,11.29504664,16.28137533,98677656.04582183,38226536.41968323
2025-11-11 15:00:00+00:00,WHITE,0.00015297369043593815,0.24803179,-0.74636428,-9.41790303,99432898.7833598,334769.63208009
2025-11-11 15:00:00+00:00,HSK,0.3234934307149742,0.03279382,-1.56805717,7.40218813,99868894.84176771,4986486.82051674
2025-11-11 15:00:00+00:00,CFG,0.17751214181696878,-1.46054371,-6.27048843,12.27095841,100665116.06876555,3684948.14717312
2025-11-11 15:00:00+00:00,CSPR,0.007415166536985445,-0.02971046,-5.25619696,9.33157781,100690340.70900562,2071303.21919629
2025-11-11 15:00:00+00:00,GEMS,0.16848553333103694,-0.60514186,-3.71224215,4.7487956,100900124.46873897,635667.06566452
2025-11-11 15:00:00+00:00,FLUX,0.2181094744502073,4.99350328,25.10893854,125.91789408,86697038.72924648,59408421.03178462
2025-11-11 15:00:00+00:00,STIK,0.7753908371503871,-0.02293851,-2.28968827,-2.91076796,101684967.34839092,142472.68731901
2025-11-11 15:00:00+00:00,SOLO,0.21450395930150645,0.41002999,-2.64664533,-7.89643753,85539031.55685776,2730112.63247266
2025-11-11 15:00:00+00:00,ONE,0.005737454132807766,1.23793818,-1.17958925,13.59118043,84702683.45836218,8783049.55328124
2025-11-11 15:00:00+00:00,GMT,0.024238582307491704,1.16175996,0.63700047,7.70259846,75415928.75098634,19034907.04693715
2025-11-11 15:00:00+00:00,RLC,0.8672579223767998,1.38315371,-2.33069313,4.66784844,75451252.77491991,9234383.79118631
2025-11-11 15:00:00+00:00,SXP,0.11408441031316408,-1.12353066,-0.7027409,7.27556798,75512812.76468977,17437576.58244044
2025-11-11 15:00:00+00:00,UCN,1510.551316241796,-0.04371665,0.63180555,3.14596535,75527565.8120898,27240176.5260986
2025-11-11 15:00:00+00:00,XVS,4.649836277939494,0.88229239,-0.71218449,8.12624731,76030533.43530366,8438792.32283675
2025-11-11 15:00:00+00:00,EURCV,1.1596120314974026,-0.02889528,0.30128251,1.00137752,76251389.60292959,43934559.61686306
2025-11-11 15:00:00+00:00,BB,0.089952661707431,0.90735601,-1.78800966,-0.44635229,76779033.05266245,15939038.47494153
2025-11-11 15:00:00+00:00,ARKM,0.3435379365015743,2.1734195,-0.87734065,16.05876804,77330389.50650439,47548012.89731739
2025-11-11 15:00:00+00:00,SPK,0.039754472157992334,-1.00095518,-8.59229342,30.21033822,77829884.6584473,46361629.07541704
2025-11-11 15:00:00+00:00,PUNDIX,0.3075287686086411,0.77573085,-0.29020669,6.37745957,79461294.80950578,7651058.32260176
2025-11-11 15:00:00+00:00,OSMO,0.10657896740356985,0.15376978,-0.0602592,7.18593012,80049799.78492983,4995377.52934227
2025-11-11 15:00:00+00:00,ALT,0.016989115389023833,1.469284,-2.90781225,0.1259061,80160455.12656124,19265440.68632156
2025-11-11 15:00:00+00:00,AT,0.3488684501510017,0.23873392,-1.09235455,10.40183109,80239743.53473039,12431466.74618744
2025-11-11 15:00:00+00:00,YGG,0.11836140333354367,1.66897865,0.69206979,12.91682262,80298914.52229342,30077262.57564493
2025-11-11 15:00:00+00:00,PCI,0.07614054253488364,-0.83595642,-1.72705476,1.06006863,80350049.86385645,525195.15154499
2025-11-11 15:00:00+00:00,BAND,0.47941839487492804,0.55818955,-0.81111758,3.34481881,80494028.00341816,7564641.82845168
2025-11-11 15:00:00+00:00,ONT,0.08760317496041006,0.99849559,2.52749537,8.90830097,80512970.20827481,17965477.71216613
2025-11-11 15:00:00+00:00,GRASS,0.330381984015784,1.16083876,-6.02968543,12.38122994,80581847.87613034,20377416.78478522
2025-11-11 15:00:00+00:00,POLYX,0.08096193821993282,-1.68720618,1.64586054,13.84570288,81442478.59684867,8607942.36601052
2025-11-11 15:00:00+00:00,MPLX,0.1452511142504568,-0.73510203,-15.66278064,-23.44458874,81714352.33745107,7698012.69831275
2025-11-11 15:00:00+00:00,LA,0.42528526003954675,0.325109,3.72215711,20.73431035,82080055.18763252,45074721.17868697
2025-11-11 15:00:00+00:00,BABY,0.02908671982634425,1.69060969,6.75817045,23.88557192,82461915.86278425,28294283.48682416
2025-11-11 15:00:00+00:00,MASK,0.8366203164463638,1.75911915,1.0585452,7.56944996,83662031.64463638,25258949.45867126
2025-11-11 15:00:00+00:00,ENJ,0.044002432791307895,1.183351,-3.16979984,11.32739591,83671967.15772417,9673914.34971356
2025-11-11 15:00:00+00:00,TORN,15.923183241857718,-0.19196571,2.77262698,29.88664807,83758546.19545856,126137.43673542
2025-11-11 15:00:00+00:00,BDCA,1.112884548548097,1.41766932,-1.28784059,10.38629927,84029531.66159855,653863.27238438
2025-11-11 15:00:00+00:00,NMR,11.02606726866469,0.44009742,-1.34302133,-8.35071047,84218284.34114851,10599456.97161246
2025-11-11 15:00:00+00:00,WMTX,0.12155263831861385,-0.02972489,-2.56210491,15.89074976,85424043.20127867,8668158.25971185
2025-11-11 15:00:00+00:00,PEAQ,0.07079521396899659,0.32732033,-1.44354525,8.63397983,102002892.21728586,5744765.34875222
2025-11-11 15:00:00+00:00,FRAX,1.1388259202717024,0.94987948,-4.38694032,-13.49820149,102165149.13705459,10148048.93953089
2025-11-11 15:00:00+00:00,MMT,0.5028392286740283,1.12455591,-8.217065,-24.38280835,102627185.58005877,214538790.6197023
2025-11-11 15:00:00+00:00,BLUR,0.04746091851653859,1.08964442,0.27560599,10.37913284,123233016.07386868,16395022.5086783
2025-11-11 15:00:00+00:00,ZETA,0.1103891268194426,1.26679949,-0.95572147,6.26222985,123716314.14621127,11288731.06104455
2025-11-11 15:00:00+00:00,FLZ,0.2635760533764566,-0.04896222,-0.24795617,-1.26183145,124374934.37245226,4540026.67632321
2025-11-11 15:00:00+00:00,VELO,0.007194125155855437,0.73854891,-1.36922789,-0.44538529,126356722.99324997,15911334.78757198
2025-11-11 15:00:00+00:00,NPC,0.016801901953087495,0.14184941,-6.02826587,14.53528693,126396345.84181702,16105899.6261405
2025-11-11 15:00:00+00:00,XPR,0.004501514698269923,-0.83848589,-0.50211978,8.07965713,127296960.00450367,3100135.68459259
2025-11-11 15:00:00+00:00,QUBIC,1.0069546154068965e-06,-0.82854359,-0.38622541,-1.45394152,127322952.17217365,2659438.38979824
2025-11-11 15:00:00+00:00,AUSD,1.0001398742265324,0.00967085,0.00660329,0.25905569,128923847.6014484,22505183.0962747
2025-11-11 15:00:00+00:00,AWE,0.06673205788098245,1.21981848,-0.21701189,2.37524718,129621702.75615656,5077608.56701516
2025-11-11 15:00:00+00:00,WFI,1.7840197627208374,-0.89601965,-2.82096351,5.85012857,130438667.05827689,2542759.06294243
2025-11-11 15:00:00+00:00,ARRR,0.6649935784161642,-6.11786351,-19.99496286,30.71335799,130480915.64706235,471961.328343
2025-11-11 15:00:00+00:00,ASTR,0.015912978779026744,0.16009388,1.51866372,8.56481143,131019997.0618352,8238036.32861491
2025-11-11 15:00:00+00:00,ULTIMA,3596.251298431658,0.58586554,0.60329173,2.32556724,134532164.8230299,17205340.94886226
2025-11-11 15:00:00+00:00,MELANIA,0.14939554561702134,4.34917799,4.70945482,50.07112637,135949477.14276838,88407442.83434714
2025-11-11 15:00:00+00:00,ALLO,0.6813947231463309,-12.35213754,-59.98453823,-59.98453823,136619641.99083933,149540859.69451937
2025-11-11 15:00:00+00:00,DRIFT,0.35263092285682474,0.54203196,-3.00587564,1.59105198,136734784.21507564,17142960.48504667
2025-11-11 15:00:00+00:00,AVNT,0.531762384166645,0.96664269,-0.25138272,-2.60475574,137304186.66317996,63993984.27916792
2025-11-11 15:00:00+00:00,T,0.012799656862340079,0.37300129,0.55074713,6.63081699,138032195.59709525,7432862.76057373
2025-11-11 15:00:00+00:00,EURS,1.1201555972364874,0.0,0.0,0.85764487,139040366.4532404,0.0
2025-11-11 15:00:00+00:00,SAFE,0.21374937028495875,0.75457775,1.1619829,2.11718637,141188297.77056816,9626833.99859483
2025-11-11 15:00:00+00:00,RIVER,7.267170789246533,0.48089919,1.2055598,-6.57011457,142436547.46923205,20538167.83291256
2025-11-11 15:00:00+00:00,CELO,0.24274818003252147,1.60295032,-0.59791418,8.76031575,142442448.5232042,15895728.97181419
2025-11-11 15:00:00+00:00,MOG,3.670535236661767e-07,1.19894255,-3.38922105,-0.62024378,143359186.8068948,10674148.20458482
2025-11-11 15:00:00+00:00,POPCAT,0.14687287994244086,2.13213702,0.07627479,24.42825692,143931483.88856724,36179127.42034217
2025-11-11 15:00:00+00:00,BIO,0.0794128206826662,-3.25461395,-3.04398895,7.00384016,144279423.3953418,77221702.29538585
2025-11-11 15:00:00+00:00,MEW,0.001627440479129918,0.89484174,-1.21828611,8.73279234,144661375.92121276,23080617.01500019
2025-11-11 15:00:00+00:00,SUSHI,0.5096210704496092,1.31540024,1.15020162,13.71188528,146175461.85950947,149890673.73520228
2025-11-11 15:00:00+00:00,SLT,14.431766300225291,0.46032969,-0.19114984,9.11005348,122670013.55191498,228685.050564
2025-11-11 15:00:00+00:00,ID,0.10159248576896612,1.73847027,1.5223126,6.12618703,121739688.37718958,15361994.31938968
2025-11-11 15:00:00+00:00,EUL,5.7940448386562595,0.16956224,-7.87712748,-16.17727243,119858847.54950342,14545589.60331369
2025-11-11 15:00:00+00:00,XCH,8.277654224973297,1.36155511,-9.23629113,31.14037148,119295284.61305751,4568519.12662566
2025-11-11 15:00:00+00:00,GMX,9.939117965846775,0.3337403,-0.5609636,13.28986602,102836605.95747015,12426993.57704338
2025-11-11 15:00:00+00:00,LCX,0.1083386574920155,0.70149176,2.94411449,12.20579131,102864208.9242161,602867.78954558
2025-11-11 15:00:00+00:00,APEX,0.8009272674266966,1.05637474,-1.37112754,-1.50597519,103374971.18335027,4974571.95101672
2025-11-11 15:00:00+00:00,ELF,0.1288275344990435,-0.03017218,3.24276315,6.23894886,103414161.30821201,4662613.27080092
2025-11-11 15:00:00+00:00,ANKR,0.010425533446965896,2.03958235,5.88921057,17.36813203,104255334.46965896,83627102.01806493
2025-11-11 15:00:00+00:00,VCNT,17.18128332784492,-0.0681337,-0.88734477,0.61458385,104618754.64574993,184530.35856932
2025-11-11 15:00:00+00:00,SKL,0.017352491945365082,0.85023862,-3.91231753,7.36600878,104911332.78532086,47576879.24010907
2025-11-11 15:00:00+00:00,ORDI,5.041594082046468,1.19643479,-1.05913428,21.85181888,105873475.72297584,43868372.70807528
2025-11-11 15:00:00+00:00,ALCH,0.12494919104381184,2.47042889,14.06714874,88.15928555,106206812.38724007,54725659.05363695
2025-11-11 15:00:00+00:00,OM,0.09640673392196185,1.19266314,-3.07514553,2.44094806,107077627.70397578,32410027.63580288
2025-11-11 15:00:00+00:00,REQ,0.131372295543815,0.03014307,-0.31470908,6.50746199,108276421.11973356,1821491.74325903
2025-11-11 15:00:00+00:00,COTI,0.044494027219907396,0.10817975,-9.53568605,57.06089428,109959894.74057911,92363974.10144274
2025-11-11 15:00:00+00:00,FRXUSD,1.0033265336174426,-0.01397462,-0.21408785,0.95542086,111111269.90917298,31223.0187062
2025-11-11 15:00:00+00:00,GOHOME,150.70743126858025,-0.05113464,-1.31818421,-1.48671674,75337891.35400693,3756403.53560482
2025-11-11 15:00:00+00:00,IOTX,0.011797012410197419,1.31091879,2.05149078,17.17232402,111379947.01451594,36217646.03227961
2025-11-11 15:00:00+00:00,ZIG,0.07987882699531935,1.40036415,-2.05156429,-3.09419618,112544538.0295958,3108206.07877532
2025-11-11 15:00:00+00:00,HOT,0.0006432776591249992,1.56123937,-2.33807989,10.97289833,112648088.62577142,8629463.49018461
2025-11-11 15:00:00+00:00,YZY,0.3759997309325111,1.58004677,-1.71249059,-2.47622261,112799808.82178484,8802302.28337829
2025-11-11 15:00:00+00:00,COW,0.21611918812406683,1.11640077,1.47168291,11.33379865,113005924.45614177,19705735.45669111
2025-11-11 15:00:00+00:00,REKT,4.052225317481139e-07,-4.4245702,-4.95257787,-6.20594051,113412057.77046986,2252480.04229949
2025-11-11 15:00:00+00:00,VVS,2.64760371609939e-06,0.05649739,-0.25764027,1.34335133,113454300.59925456,533249.36219669
2025-11-11 15:00:00+00:00,SC,0.0020433149036059397,0.56626808,0.26412852,14.64286521,114478018.08956549,6370439.16219989
2025-11-11 15:00:00+00:00,UB,0.04616129754076496,0.6549747,-4.59386269,-26.09951236,115403243.8519124,30885623.32480109
2025-11-11 15:00:00+00:00,VTHO,0.0012103588782283118,1.20315363,1.41675517,21.69447358,116315590.5311632,2142494.75206195
2025-11-11 15:00:00+00:00,ACH,0.012035644367169264,1.60264898,-3.32237529,13.11464399,116442076.15865146,16635517.96537615
2025-11-11 15:00:00+00:00,PNUT,0.11736509644501138,0.75891805,-3.22680575,7.41107915,117347657.5725457,28540376.0621622
2025-11-11 15:00:00+00:00,RLB,0.06357406348526469,-0.27450423,-1.93703831,0.33035445,117855984.63348496,336625.58046381
2025-11-11 15:00:00+00:00,XVG,0.007173577718342943,2.0817432,-4.97953882,-8.10465159,118521501.2482628,10091472.04911342
2025-11-11 15:00:00+00:00,PROVE,0.5764845838457071,1.03017019,-2.63647322,-3.38213572,112414493.84991288,23423181.66092651
2025-11-11 15:00:00+00:00,BabyDoge,8.58208012842149e-10,1.29925683,-2.00632378,2.16799509,146286949.78771368,9260199.77806451
2025-11-11 15:00:00+00:00,STORJ,0.17596801412041205,-3.99050438,1.16963083,14.46203891,74429785.4641865,30563417.36066386
2025-11-11 15:00:00+00:00,HIPPO,0.007384318643980326,1.15364362,2.95072622,289.72345655,73843186.43980326,20162063.71881856
2025-11-11 15:00:00+00:00,SRX,0.07462109642895423,-0.08823106,0.75759959,-1.54106588,54133727.25158269,3511624.84060773
2025-11-11 15:00:00+00:00,WAXP,0.012068625432826547,0.59881669,1.1807554,14.38392934,54170492.33467451,11281115.27411561
2025-11-11 15:00:00+00:00,SIGN,0.0402229622103748,1.08546486,-0.71516985,4.69461607,54300998.98400598,7637151.42202464
2025-11-11 15:00:00+00:00,CARV,0.1798712000138324,0.63877235,-1.11066193,-13.03836134,54414378.57211095,14807325.93854531
2025-11-11 15:00:00+00:00,BUSD,1.0000358966899519,-0.01798392,-0.01806068,-0.01405038,55028199.35341801,3093249.46599417
2025-11-11 15:00:00+00:00,AURA,0.05720895577079938,-0.64536522,-6.10025969,-8.72051987,55108736.05609437,2042868.43076082
2025-11-11 15:00:00+00:00,APEPE,1.536324903347168e-06,-1.48380038,4.18464124,9.5090007,55118349.88975023,27028993.63611536
2025-11-11 15:00:00+00:00,EDGE,0.2717401243253231,-2.03439324,-6.38734427,12.1401247,55169951.80407223,2179325.30689598
2025-11-11 15:00:00+00:00,DAG,0.019241588213489785,-0.72514188,11.30994205,16.98602617,55289709.28770085,2400639.78897351
2025-11-11 15:00:00+00:00,AEVO,0.06086920858790466,1.70697969,-0.37674677,14.53813871,55732790.199849986,21049849.75499561
2025-11-11 15:00:00+00:00,HUMA,0.024582865886048605,1.1687219,-2.16109549,19.66916965,55792862.692350194,97108299.1503117
2025-11-11 15:00:00+00:00,DHN,3.283593007182624,-0.43149569,0.47485485,3.95074323,56067488.50854961,111687.95162476
2025-11-11 15:00:00+00:00,BAL,0.8271295670623569,-0.15046513,-3.48971408,-0.33721562,56149508.46694317,4248342.57306547
2025-11-11 15:00:00+00:00,MVL,0.0020427952107173837,-1.79923987,3.99591854,10.99323945,56182912.64610332,1992450.63011396
2025-11-11 15:00:00+00:00,FIDA,0.05679474794391864,1.22663006,-2.53702756,13.0309491,56278549.253194384,4616261.81885882
2025-11-11 15:00:00+00:00,AEUR,1.1767585723000258,-0.00854367,-1.46879488,-0.47160945,56401573.08000075,28143.098559
2025-11-11 15:00:00+00:00,ORDER,0.1696158212195886,1.22558892,-3.90034533,1.55297325,56574998.89265922,9443556.04274568
2025-11-11 15:00:00+00:00,BAN,0.05659300090102866,-0.25948252,-1.06792424,-9.70585566,56590842.38738129,7715329.47751224
2025-11-11 15:00:00+00:00,SWFTC,0.005678276052927786,-0.95067852,3.85572988,2.42241463,56782760.52927786,1942737.82331065
2025-11-11 15:00:00+00:00,DIA,0.4746471962515955,0.60145911,-2.18330534,4.18486029,56803927.22191436,3502882.53674224
2025-11-11 15:00:00+00:00,API3,0.6626368643527827,1.05158504,-2.04906534,9.16773393,57266388.51308517,20925116.03163802
2025-11-11 15:00:00+00:00,APR,0.3097914487029114,1.46157637,-4.52086693,8.47650351,57311418.010038614,33285486.65168459
2025-11-11 15:00:00+00:00,XUSD,1.0002824538449508,0.01597795,0.02976228,0.05529063,57639429.332250424,28821407.40380029
2025-11-11 15:00:00+00:00,USDP,0.9995733122364494,-0.00430338,0.02130698,-0.04839247,57686831.449319035,1415059.22806928
2025-11-11 15:00:00+00:00,BLESS,0.03154658770031545,2.19187603,3.2943909,-33.4702917,58098212.8655439,25955306.27377551
2025-11-11 15:00:00+00:00,SN,1.4583947583848365,-0.11181773,-1.13301158,-0.127088,58350374.282977305,81713.95228926
2025-11-11 15:00:00+00:00,KNC,0.30873510709821456,0.97787333,-0.87225475,8.90034743,58822683.4215736,24695461.33805611
2025-11-11 15:00:00+00:00,SAPIEN,0.21633047326068844,0.39090416,-14.25139352,61.33866811,54082618.315172106,64011279.95840584
2025-11-11 15:00:00+00:00,TAG,0.0005468014472992229,2.16128254,5.41224993,34.58907563,59275777.18825287,5151894.02278333
2025-11-11 15:00:00+00:00,FIRO,3.012322984666279,-0.43682536,30.2707211,44.00970505,53972094.541548,2111644.66007217
2025-11-11 15:00:00+00:00,MYTH,0.06177492943050906,-0.40144585,-6.28401389,-11.96438335,53675660.76271791,220412.73132199
2025-11-11 15:00:00+00:00,XAUM,4143.614965686473,-0.44279611,0.83206331,4.31211352,49795026.30816308,514450.07774947
2025-11-11 15:00:00+00:00,LQTY,0.5228518016517475,1.19522445,-0.05653014,4.4118475,49902129.02202036,12292826.62254793
2025-11-11 15:00:00+00:00,ZENT,0.006412059785540381,0.55897471,-3.39634972,-8.11581296,49936771.414775975,20122745.14469645
2025-11-11 15:00:00+00:00,MLK,0.09835406325498888,-0.2072857,4.50424868,13.47321177,50073544.55235972,8025648.65931175
2025-11-11 15:00:00+00:00,OSAK,6.67154734718973e-08,-1.55720165,-5.97254092,4.34008382,50094630.12844037,36636.81886696
2025-11-11 15:00:00+00:00,BITCOIN,0.050364025501886345,0.2020441,-2.34507128,2.34015252,50353859.77515892,7088950.30518303
2025-11-11 15:00:00+00:00,VNDC,3.589829100523237e-05,-0.03944756,-0.18896174,0.48845328,50705129.483191095,23815634.42345073
2025-11-11 15:00:00+00:00,SONIC,0.122478743603962,0.97195223,-0.96433638,6.3002607,50807939.83255605,15226201.68868385
2025-11-11 15:00:00+00:00,AIOT,0.5494150682719289,0.97514416,-0.63088831,-2.58527035,50830050.36668124,3672841.40627937
2025-11-11 15:00:00+00:00,MANTA,0.11298579934361982,0.84088881,-5.24658542,17.65287785,50839291.26241242,17049673.34241495
2025-11-11 15:00:00+00:00,PYTHIA,0.050988030240730876,-0.13565807,-4.16948493,-3.14468138,50894325.44312275,1165703.56944371
2025-11-11 15:00:00+00:00,TPT,0.014815621767239374,-0.0201452,5.01300567,15.00039223,51357721.71064801,162383.88502026
2025-11-11 15:00:00+00:00,VVV,1.2762509639896717,0.07907373,-5.21130607,-10.306624,51376533.310653076,2757905.89662575
2025-11-11 15:00:00+00:00,JCT,0.004476928923447642,-4.73408525,-47.59544731,54.38921223,51456422.00581862,98912883.17629051
2025-11-11 15:00:00+00:00,ICNT,0.30808856666170553,2.14364052,1.30162436,3.62804986,51520468.55891817,10526586.75520782
2025-11-11 15:00:00+00:00,KGEN,0.26051361634706444,0.60082265,1.67825796,-3.39336964,51758266.43457924,6549343.54527478
2025-11-11 15:00:00+00:00,ERG,0.6306758710574015,0.27343464,1.29155137,14.1415185,51927952.25781869,195453.55196385
2025-11-11 15:00:00+00:00,CYBER,0.985299295912819,1.36827281,-0.43005451,15.63139672,52073429.393834084,15137065.08149774
2025-11-11 15:00:00+00:00,VRA,0.0005597387235676744,-0.94334172,-4.39990251,-6.18376032,52101178.443199724,18952441.06505082
2025-11-11 15:00:00+00:00,CPOOL,0.06195917751238466,0.87868107,-0.49471659,3.73698083,52073395.89125802,10395437.86002931
2025-11-11 15:00:00+00:00,SPELL,0.0003064461250390637,0.43190212,-0.93269804,6.39873332,52321135.33618853,5668260.28868149
2025-11-11 15:00:00+00:00,TROLL,0.052467989037353,-0.42075686,-13.06019781,-6.0061833,52409842.708022594,5569777.08147265
2025-11-11 15:00:00+00:00,ORBS,0.012415357529309891,0.44743013,2.0357255,7.63525272,52796285.707146406,9817170.44810501
2025-11-11 15:00:00+00:00,AUDIO,0.038811315806263576,0.62349098,-0.66401067,8.50182195,53201312.73359162,11019904.0543196
2025-11-11 15:00:00+00:00,PTB,0.02873502101540789,0.10481549,6.67360109,2.10279745,53227087.533131264,9152230.31184773
2025-11-11 15:00:00+00:00,HONEY,0.010287258136897057,0.92679025,0.43540754,-15.07638173,53236578.3983657,19195049.39068808
2025-11-11 15:00:00+00:00,TRUTH,0.025617504457370235,0.9256721,-15.49667697,81.89960637,53420317.817727774,8045606.88359248
2025-11-11 15:00:00+00:00,IQ,0.0022586560231683877,0.07359888,0.56982885,10.98908526,53760740.44952368,7248215.39123253
2025-11-11 15:00:00+00:00,EURI,1.1587704996414223,-0.02349311,0.2683228,0.98188065,59524804.15834212,10281254.76214296
2025-11-11 15:00:00+00:00,KEEP,0.061690888681101924,-0.44047457,-1.23193432,-40.37866884,59703643.432986714,10533.5104991
2025-11-11 15:00:00+00:00,CVC,0.06003166224282824,2.20754816,5.39299763,17.1355069,60031662.24282824,75352412.0859832
2025-11-11 15:00:00+00:00,HOME,0.02415952931431839,1.53773754,0.48798067,9.89816912,65713919.73494602,25587830.1052183
2025-11-11 15:00:00+00:00,ILV,9.878812173929989,0.73711053,-3.25129599,3.11484877,65922120.65176198,16908881.80510877
2025-11-11 15:00:00+00:00,ORBR,0.06505907533021316,-0.19154209,2.39347441,1.99590298,66073134.87261636,10118.8506642
2025-11-11 15:00:00+00:00,lisUSD,0.998515879318991,-0.00151438,0.03227391,-0.12863112,66074123.64570111,4139.94953792
2025-11-11 15:00:00+00:00,SSV,4.6555454374479455,1.34016744,-1.14693348,14.26881972,67010399.119562626,22303691.30862747
2025-11-11 15:00:00+00:00,METIS,10.04580233837609,2.16088653,-5.53253299,21.8961127,67275074.0925809,12269715.24644246
2025-11-11 15:00:00+00:00,WOO,0.03535562883297645,1.52850331,-0.29086753,7.02900407,67355067.14332433,7493518.82459485
2025-11-11 15:00:00+00:00,JELLYJELLY,0.06743013363041858,-0.35255848,-7.08601785,-71.31519465,67430072.87586819,19424833.91500615
2025-11-11 15:00:00+00:00,SXT,0.04817511628989615,0.17027227,-1.73442866,2.67504054,67445162.80585462,17585287.16670646
2025-11-11 15:00:00+00:00,FOLKS,5.547733982724804,0.02854601,-3.5437567,170.36512349,67673517.04897484,20114597.37547638
2025-11-11 15:00:00+00:00,LISTA,0.26551864699565403,1.45717986,-0.01138924,12.36874842,67825324.56792,9061402.15635893
2025-11-11 15:00:00+00:00,OG,15.453626792668413,0.28348643,4.90837693,12.77729161,67918473.40300258,13411958.90780187
2025-11-11 15:00:00+00:00,XPIN,0.003917966137744266,1.46433635,1.47596489,-34.45071524,68595016.52097578,7654096.84425834
2025-11-11 15:00:00+00:00,BORA,0.062084430673636955,3.24385344,12.42446609,20.76153144,68277352.63333224,45723736.22622234
2025-11-11 15:00:00+00:00,G,0.0067348161019494006,-0.02327968,-1.32355874,7.29667751,68932189.7666725,7270134.77698451
2025-11-11 15:00:00+00:00,LIGHT,1.6037433802192935,1.41722867,-1.58587512,6.30420968,69052333.81728747,12014846.23023908
2025-11-11 15:00:00+00:00,SAROS,0.05619078311954918,-0.72519387,-1.97937859,4.19653581,69953533.07822435,3972278.95638682
2025-11-11 15:00:00+00:00,CLANKER,71.19899406701704,-1.76397867,-8.04995335,-8.22187468,70221948.56521448,24737412.69735999
2025-11-11 15:00:00+00:00,GEOD,0.16076630119410149,-0.21272779,5.38362959,50.5479139,70540707.2631989,850316.07463126
2025-11-11 15:00:00+00:00,SIREN,0.09711741275597253,-0.53472949,14.56454726,28.34205884,70792737.84847343,9261761.35910884
2025-11-11 15:00:00+00:00,ME,0.42268261106717414,0.6653186,-0.66181003,4.14725063,70792113.1691667,12605216.99244697
2025-11-11 15:00:00+00:00,NEIRO,0.0001696131738310381,1.85243876,-2.09602038,10.5335091,71353643.64100717,36929649.20555992
2025-11-11 15:00:00+00:00,SQD,0.08057160813675593,3.36631322,7.91046433,9.1913443,72430584.27816056,8714022.83155358
2025-11-11 15:00:00+00:00,IO,0.313346809873102,1.35704043,-4.76306721,16.06010009,73256891.64717379,22717522.09908788
2025-11-11 15:00:00+00:00,TRB,26.917169887893323,1.01106152,2.31698184,17.37257046,73448746.88724507,34791224.05251897
2025-11-11 15:00:00+00:00,RPL,3.371675373017071,1.67870864,-0.44760453,17.64561081,73739688.14520226,9051140.91558696
2025-11-11 15:00:00+00:00,NOT,0.0007418701027001843,0.99127695,-1.57069905,9.57958755,73766851.24213791,13639253.48580355
2025-11-11 15:00:00+00:00,BIM,2.181337342003456,-0.82335922,-0.762963,-1.29560903,65440120.26010367,217513.8558524
2025-11-11 15:00:00+00:00,BOME,0.0009454139857502827,1.21659277,-1.28398461,9.89682221,65134601.79876619,34356878.83120176
2025-11-11 15:00:00+00:00,BURN,5.216603628623568,0.61654594,-1.22402394,-1.50726604,64819565.042316645,594630.82658885
2025-11-11 15:00:00+00:00,VR,0.0038574840169281776,1.12881012,-1.79649406,-11.22482013,64805731.48439338,1514510.78037593
2025-11-11 15:00:00+00:00,vBUSD,0.022303159934150888,-0.039988,-0.029994,0.0,60101896.778236955,0.0
2025-11-11 15:00:00+00:00,SOMI,0.37760064114475583,1.0635966,-7.85685714,6.57440372,60491622.711389884,34650407.53242119
2025-11-11 15:00:00+00:00,HIVE,0.12188574478638056,1.08335045,-2.80406112,9.14897185,60646592.152768254,11502738.45742952
2025-11-11 15:00:00+00:00,PEOPLE,0.012042337645712975,1.0497828,-0.74320996,17.42355627,60935882.31813552,29224109.4046311
2025-11-11 15:00:00+00:00,BICO,0.061275383173794655,1.10465355,-1.81163101,-4.35540788,60983901.558488354,4204464.60571119
2025-11-11 15:00:00+00:00,LSK,0.2904325536858925,-4.87537342,41.9765403,55.99307382,61246515.93182867,319673407.2693386
2025-11-11 15:00:00+00:00,B3,0.001995673984589266,0.57421854,-4.72195417,2.21336377,61536170.761125885,2896594.12120807
2025-11-11 15:00:00+00:00,ARK,0.31857400332978064,-0.88836526,2.98732523,16.16940685,61296861.572415486,60456107.90605521
2025-11-11 15:00:00+00:00,OPEN,0.28564990319199707,2.27004527,-2.59963458,-2.31774301,61557554.13787537,19183773.92721981
2025-11-11 15:00:00+00:00,SCRT,0.1901941528509464,0.85036428,-5.44639142,-6.63633474,61612802.25877684,8393758.26086927
2025-11-11 15:00:00+00:00,QAI,76.7997721206827,-0.15954118,-1.92614434,-10.72556699,61760255.84441492,5132405.26024793
2025-11-11 15:00:00+00:00,STRAX,0.030459737729488005,0.29450496,4.6350225,14.77454525,61722266.8213137,44893745.26928332
2025-11-11 15:00:00+00:00,4,0.06193771104003685,2.15496278,-2.00935328,8.09758356,61937711.04003685,19849300.99149571
2025-11-11 15:00:00+00:00,LAYER,0.23794759534079415,0.59132397,-4.1198289,15.88691466,74361974.12088415,13489973.14687788
2025-11-11 15:00:00+00:00,POWR,0.10947027915581839,-0.11545248,1.1412503,14.08626467,62188003.9866484,12846700.18780789
2025-11-11 15:00:00+00:00,MBG,0.48010315662696335,-0.3474816,-18.29216237,-7.61116919,62393371.44267129,15598258.58155201
2025-11-11 15:00:00+00:00,ELIZAOS,0.008342258537796726,-0.33765533,-0.74640253,-34.84960422,62418446.83150266,3117247.31695409
2025-11-11 15:00:00+00:00,BIGTIME,0.030702531876642868,1.17522837,0.44040045,11.54869596,62658384.31080348,12111138.9796233
2025-11-11 15:00:00+00:00,LON,0.5046702517700298,-0.68079207,-0.66073862,3.2558947,62813434.72975521,35851.62191151
2025-11-11 15:00:00+00:00,DESO,7.071908202532336,-0.2159638,-0.52190012,2.4761082,62830623.01409383,39992.36300824
2025-11-11 15:00:00+00:00,BNT,0.5475787164687128,0.04963482,-0.34131599,2.86303604,63074552.90363854,6648163.97656133
2025-11-11 15:00:00+00:00,CHR,0.07461537715246107,1.0978661,-0.95423608,6.82393919,63313528.817228965,6867481.74672184
2025-11-11 15:00:00+00:00,LUNA,0.08919922393090203,1.36901676,-1.87958393,7.76877745,63330060.95440083,16978973.51171364
2025-11-11 15:00:00+00:00,BLAST,0.0012880090246135752,0.61413224,2.32169977,11.02023699,63824966.37501009,5932356.69066379
2025-11-11 15:00:00+00:00,ARDR,0.06393100409014188,1.06630238,3.72648685,11.73654808,63832948.71433424,15633170.07347423
2025-11-11 15:00:00+00:00,VENOM,0.06490234863451314,0.06421736,0.35240416,-21.46066673,64183183.232928224,225031.15487385
2025-11-11 15:00:00+00:00,SHX,0.011106843798860025,0.53067033,-4.49511565,2.2640591,64351998.30913522,2520776.15613395
2025-11-11 15:00:00+00:00,IOST,0.002197843988751289,0.94084384,1.16916943,9.21475539,64696471.07346001,12709452.99827852
2025-11-11 15:00:00+00:00,AIXBT,0.06236443534115982,0.77798369,-4.3093677,-2.91400976,62267003.589645155,32870063.42010396
2025-11-11 15:00:00+00:00,NIL,0.1836086229327813,0.73654993,-2.60606625,6.11218135,49777567.63659656,7622311.76402969
2025-11-11 15:00:00+00:00,TURBO,0.0021206660364459988,0.90544278,-1.59072243,12.18891166,146325956.5147739,15582186.03344431
2025-11-11 15:00:00+00:00,GUSD,0.9994321761192728,-0.01281445,-0.01838608,0.01520931,149355144.39926413,2452890.98646419
2025-11-11 15:00:00+00:00,2Z,0.18573100127269862,1.46740079,-3.75963852,18.07095276,644749848.1105683,21058300.54508616
2025-11-11 15:00:00+00:00,XTZ,0.6158186568098991,0.78284234,-3.69326333,15.0457214,655816140.8053195,34190700.71072674
2025-11-11 15:00:00+00:00,NEXO,1.0856877749419545,-0.3675303,-2.45679768,1.66101554,701512638.8558406,9839031.62416215
2025-11-11 15:00:00+00:00,CRV,0.49871840177400595,1.53937268,2.33864076,16.45937441,703843895.8468063,230275595.45345485
2025-11-11 15:00:00+00:00,GRT,0.06664204756174172,0.73334341,-1.6552111,17.05092915,704696663.0685958,32701756.00422559
2025-11-11 15:00:00+00:00,MORPHO,1.9968558883997678,0.35434176,-0.17359885,15.67028898,714874434.727152,32250365.13300471
2025-11-11 15:00:00+00:00,LDO,0.8397108805990566,-0.46405849,0.53364663,10.50838779,747841909.6410779,157152463.47220054
2025-11-11 15:00:00+00:00,STRK,0.1645590145104312,0.46343288,-16.79880262,53.87347998,750392507.3307046,408601771.04556185
2025-11-11 15:00:00+00:00,INJ,7.778184069720879,1.29554163,-1.90380628,14.71286792,777592337.2411569,158143268.2447122
2025-11-11 15:00:00+00:00,STX,0.43137365249498055,2.09278609,1.64282078,16.15062809,780915553.9839487,29651830.1118096
2025-11-11 15:00:00+00:00,OP,0.4266136924190431,1.02240431,-1.47401259,17.36135537,809103117.5698036,140544018.1978132
2025-11-11 15:00:00+00:00,TIA,1.000848457422504,1.34504708,-0.22095055,23.52649669,837849368.1505075,120151892.25589852
2025-11-11 15:00:00+00:00,DASH,68.89110536170602,0.83370732,-13.97712866,-47.71084454,859736451.7907714,358608556.50284046
2025-11-11 15:00:00+00:00,FET,0.36508977669578113,4.40584366,6.59034812,72.37795971,861756704.7094543,317128086.9008715
2025-11-11 15:00:00+00:00,CAKE,2.6053051453502416,0.95042929,4.44272467,17.37143452,882688428.4106047,261919915.16153866
2025-11-11 15:00:00+00:00,VIRTUAL,1.3698122210160408,1.25140882,-5.20855,-1.36340969,898709169.7977539,602190534.4373116
2025-11-11 15:00:00+00:00,IMX,0.4554750584048273,1.56041495,2.17097526,6.01627175,905927378.9074372,79434421.59038703
2025-11-11 15:00:00+00:00,GT,11.912320508062207,0.18182741,-1.23598893,-0.26451445,956241101.1606562,4564410.26379264
2025-11-11 15:00:00+00:00,PENGU,0.01556890727113398,0.98167209,-1.92761285,4.25552936,978667677.7525858,211166751.03575775
2025-11-11 15:00:00+00:00,FDUSD,0.9976143254377917,0.01294074,0.05362799,-0.01337735,983838991.8023612,5050835827.031126
2025-11-11 15:00:00+00:00,QNT,84.40757513901976,1.00879674,0.46962434,13.06475695,1019030539.8686991,15909510.56916699
2025-11-11 15:00:00+00:00,RLUSD,1.0001280375866684,0.03159541,0.02390464,0.02813968,1027829666.521312,82167026.49402928
2025-11-11 15:00:00+00:00,BONK,1.2976335254513865e-05,0.78284551,-1.94161783,8.63760977,1066485655.8665305,159856469.1300115
2025-11-11 15:00:00+00:00,XDC,0.061265310639664186,0.19587428,0.64700038,14.24394429,1087871124.6038635,38230249.57032531
2025-11-11 15:00:00+00:00,AERO,1.2118109644876383,-1.00920677,14.70067376,44.17330053,1093353485.1073387,252927435.10736132
2025-11-11 15:00:00+00:00,JUP,0.35194141458398087,0.97069023,-0.98635463,-1.28003633,1132789920.65113,48083316.86588147
2025-11-11 15:00:00+00:00,SEI,0.18139979411434495,1.16927921,-1.47395261,11.52170126,1133547157.726618,156560835.6793181
2025-11-11 15:00:00+00:00,SPX,0.6832325864414824,1.41823644,-5.3905973,6.63757152,636084816.8876742,26470894.97732057
2025-11-11 15:00:00+00:00,IP,3.740629473738303,2.15117615,2.19717542,0.0183231,1209007636.502378,54904622.84055992
2025-11-11 15:00:00+00:00,KAIA,0.10237754353733046,0.94300955,0.11247516,13.14979391,631220031.7181588,76862147.30461554
2025-11-11 15:00:00+00:00,IOTA,0.1471691351369391,1.26299952,0.73348494,14.02651977,607394828.0238936,22678669.79029663
2025-11-11 15:00:00+00:00,SUN,0.022478348597644526,0.03472111,-0.26831108,4.860525,431085627.18759805,15769468.45887901
2025-11-11 15:00:00+00:00,HNT,2.3859686564496156,-0.04775264,-2.75698558,5.30174091,444557111.7987449,7684696.7054731
2025-11-11 15:00:00+00:00,MANA,0.2314807019651513,1.20945631,-0.73425468,11.21857934,455954254.0012827,32127745.52102339
2025-11-11 15:00:00+00:00,A,0.28704105295829735,1.14559232,-2.04953593,10.73717736,460092396.5745427,41572301.02710006
2025-11-11 15:00:00+00:00,FLOW,0.28556947420645457,0.81008563,1.10863931,17.08657118,462755658.86288494,15811120.20137386
2025-11-11 15:00:00+00:00,ZK,0.053578205796844414,0.80961774,-11.23858321,-2.74870199,464402191.3363605,118452038.78144032
2025-11-11 15:00:00+00:00,PENDLE,2.7839865753273862,0.59285146,-2.02435866,1.45569105,466399792.2528409,71048773.08598651
2025-11-11 15:00:00+00:00,BTT,4.7564394432059075e-07,-0.30459772,-0.3152633,6.98080523,469014011.329773,12946107.53423045
2025-11-11 15:00:00+00:00,AB,0.005503520464839741,0.1145227,-0.27263257,0.23016955,474783064.92411417,12588549.86828462
2025-11-11 15:00:00+00:00,GALA,0.010261970150041017,1.80854947,-1.48488352,14.97678221,477830529.43973094,73905676.09534337
2025-11-11 15:00:00+00:00,JASMY,0.009677009084447323,1.16980439,-2.67480929,11.59277434,478479711.05646497,39277536.5905084
2025-11-11 15:00:00+00:00,THETA,0.4816846053685559,1.52594028,0.12432738,15.41619786,481684605.3685559,27620426.04744477
2025-11-11 15:00:00+00:00,WIF,0.48275887918437715,0.86455948,-0.95315313,15.98215027,482198812.556163,138719746.64083317
2025-11-11 15:00:00+00:00,TUSD,0.9964819959852828,0.01740856,-5.28e-05,0.02264291,492775376.9526678,37257312.45885148
2025-11-11 15:00:00+00:00,BSV,24.847583278461652,-0.1395185,-2.18500906,13.27007396,495607178.367775,37943532.4211443
2025-11-11 15:00:00+00:00,CFX,0.09839817611901407,0.81617089,-1.18472113,8.49043103,507073159.95369166,28384167.5545778
2025-11-11 15:00:00+00:00,XPL,0.2826542884007055,1.25225677,-8.75124287,10.31172741,508777719.1212699,265740334.9128925
2025-11-11 15:00:00+00:00,SYRUP,0.44913034080252723,0.24848072,-3.12131464,18.21629334,511406122.0658959,45595219.93146984
2025-11-11 15:00:00+00:00,DEXE,6.276329650587159,1.02733558,-1.28384893,-3.7068118,525539992.76469034,7312204.59988065
2025-11-11 15:00:00+00:00,SAND,0.20480076357187613,1.40520203,-0.68537385,11.98102604,535203622.00146776,64404498.93482051
2025-11-11 15:00:00+00:00,DCR,31.25950090696743,1.19518797,-6.43387032,-29.46119674,535069255.53330004,23986398.98751642
2025-11-11 15:00:00+00:00,MYX,2.4486727698105843,3.38615802,-0.89878577,33.93441307,541414830.2716218,33927763.75780323
2025-11-11 15:00:00+00:00,ETHFI,0.9669841763582174,1.36193832,-1.37168353,12.40564501,545340249.1173855,68121961.73291193
2025-11-11 15:00:00+00:00,TWT,1.2692496241347604,0.90858817,-0.60764288,5.68333767,545600297.6779794,29156739.63976265
2025-11-11 15:00:00+00:00,ENS,14.487411277681788,0.98795453,1.14495109,9.42157182,547816671.8837457,108209877.07671449
2025-11-11 15:00:00+00:00,FLOKI,6.18464361799816e-05,0.70476266,-2.53603771,2.24248016,590009991.0518222,73598088.24205893
2025-11-11 15:00:00+00:00,PYTH,0.10522532070038003,1.53486619,-2.68022537,12.02665967,605043803.2506981,36511479.22570974
2025-11-11 15:00:00+00:00,SOON,2.067959845707382,-4.84751745,0.23340735,196.8874793,610408739.4103283,128391296.14478792
2025-11-11 15:00:00+00:00,SKY,0.05338178830748557,0.39656193,-3.49048244,1.10461059,1223212221.495765,18464995.62960646
2025-11-11 15:00:00+00:00,FLR,0.01566765836087292,-0.44848533,-4.3620503,12.69900386,1227511903.1897352,9444827.79915172
2025-11-11 15:00:00+00:00,RENDER,2.4274413199808382,1.78515134,-6.85289228,22.39302344,1258833725.1830764,99140756.63751034
2025-11-11 15:00:00+00:00,CRO,0.13186392834217614,0.7470213,-0.48988646,2.97768099,4762250298.895388,32409146.86280935
2025-11-11 15:00:00+00:00,TON,2.084850486215005,0.55412804,-2.12248243,4.00652092,5184890645.228657,135652389.7196671
2025-11-11 15:00:00+00:00,DOT,3.201427544520841,1.11616715,-0.07028574,21.90283916,5232970967.460549,390867587.18718344
2025-11-11 15:00:00+00:00,DAI,0.9999880644054114,0.00574883,0.00990876,0.02461102,5365318663.632121,106278130.4415866
2025-11-11 15:00:00+00:00,UNI,8.975778742182747,6.28399239,29.89437096,72.3370017,5657707351.167354,3878125573.131254
2025-11-11 15:00:00+00:00,SHIB,9.870130812001072e-06,0.54710266,-1.68880972,7.27948806,5815923052.307436,170785653.57988563
2025-11-11 15:00:00+00:00,XMR,377.76015830107576,2.45879774,-4.28454499,9.49607878,6968444961.423951,206550382.09370685
2025-11-11 15:00:00+00:00,AVAX,17.745779667187485,0.2270737,-1.45595148,6.536971,7578960659.907923,454472149.91168314
2025-11-11 15:00:00+00:00,SUI,2.1009849008694492,1.04537137,-2.58551261,1.74226608,7734409249.08267,940025558.0534732
2025-11-11 15:00:00+00:00,LTC,102.61027607281932,1.07279285,-4.86056925,16.16114612,7850527727.359017,1042774032.8208127
2025-11-11 15:00:00+00:00,HBAR,0.18495914429371718,0.47954605,-3.64458327,5.64610898,7856182180.518859,384891211.05283326
2025-11-11 15:00:00+00:00,ZEC,502.60946427628585,3.28818238,-17.04783872,22.89517115,8195709083.588944,5095240977.558247
2025-11-11 15:00:00+00:00,USDe,0.9993343417391022,0.00053931,0.02180302,0.00942102,8415762123.337229,150031285.02158555
2025-11-11 15:00:00+00:00,LEO,9.201695397603068,-0.07550565,0.25791413,-3.37193407,8486322553.185062,4488814.91112722
2025-11-11 15:00:00+00:00,XLM,0.2927946671833325,1.01978096,-3.23407644,5.73649245,9398964201.992514,227099989.74632373
2025-11-11 15:00:00+00:00,BCH,514.492920599054,0.51617007,-0.18361434,2.14851211,10264947307.881823,464932641.34672785
2025-11-11 15:00:00+00:00,LINK,15.953647778628863,0.65168407,-1.08450615,4.4500262,11117298983.148499,786946835.1969706
2025-11-11 15:00:00+00:00,HYPE,40.21967668080155,0.3966035,-3.32812233,2.17753775,13541370651.384863,410523319.5436013
2025-11-11 15:00:00+00:00,ADA,0.5779918787263024,0.572054,-1.47551229,5.34887725,20733180786.213932,826081491.4024856
2025-11-11 15:00:00+00:00,DOGE,0.17767240675249923,0.55901051,-1.26932623,6.58425199,26958256731.453773,2075113488.8743215
2025-11-11 15:00:00+00:00,TRX,0.29992933452756454,0.36776401,2.17217833,5.94720044,28393878316.121353,656276412.8559074
2025-11-11 15:00:00+00:00,USDC,0.9998871106620525,-0.00022128,0.03812983,0.01057245,76077165540.5361,16156511708.285078
2025-11-11 15:00:00+00:00,SOL,162.12272230250034,-0.21602375,-2.71007264,-0.85286698,89800984209.15855,5815200382.699728
2025-11-11 15:00:00+00:00,BNB,980.4675227703863,0.36230334,-0.71548767,2.2142926,135046869259.10362,2636520658.748464
2025-11-11 15:00:00+00:00,XRP,2.4555115210355014,0.58497706,-2.47849018,6.50613078,147593920223.6298,5076924530.480147
2025-11-11 15:00:00+00:00,USDT,0.9999036641332132,-0.00539932,0.03253794,0.0236295,183480171446.33023,144636228159.15222
2025-11-11 15:00:00+00:00,ETH,3503.0300689120477,-0.76190316,-0.98712444,-1.46772802,422803589340.19305,40632458327.548065
2025-11-11 15:00:00+00:00,MNT,1.2610569399660887,0.51631127,-3.93271534,0.75813313,4102147676.808378,126193269.94842176
2025-11-11 15:00:00+00:00,CC,0.11159666186846282,1.14732955,-22.8436877,-26.41620713,3900199385.645483,62884628.56546572
2025-11-11 15:00:00+00:00,TAO,378.73870020345976,2.43811738,-0.0210808,-9.74314395,3894430994.268806,243454805.8661221
2025-11-11 15:00:00+00:00,WLFI,0.14855535216360508,-1.76136263,-6.3681615,31.10551757,3650748760.331585,333078541.5104676
2025-11-11 15:00:00+00:00,PAXG,4112.012522138212,-0.4777356,0.66393716,4.13914151,1370758264.8402996,171727605.5601879
2025-11-11 15:00:00+00:00,KAS,0.05158347967620843,1.10710481,-2.09111532,13.78138401,1387919104.58194,43483244.22263948
2025-11-11 15:00:00+00:00,ATOM,3.049347361920603,1.18116211,0.09229021,16.26163459,1455539487.44031,101671089.7858253
2025-11-11 15:00:00+00:00,VET,0.017530474326456193,2.47948949,1.68164406,20.17238619,1507358556.8126771,42341789.49022534
2025-11-11 15:00:00+00:00,XAUt,4106.444208077018,-0.50996998,0.63542849,4.02386948,1559371439.3477907,13247138320.282269
2025-11-11 15:00:00+00:00,PUMP,0.004474642397175132,1.44404541,0.00066391,13.90666563,1584023408.5999968,419879106.86724687
2025-11-11 15:00:00+00:00,ARB,0.2880010866597886,-0.08063627,-2.69924834,8.25291316,1586797257.5286472,220159099.54965493
2025-11-11 15:00:00+00:00,ALGO,0.18228205984955956,1.65693476,-1.70286512,13.40669966,1602857034.6811225,90275791.12845734
2025-11-11 15:00:00+00:00,TRUMP,8.38288295760741,1.37885307,-2.74818547,13.57358721,1676570171.7125478,1530295871.6866968
2025-11-11 15:00:00+00:00,FIL,2.401405528666766,0.71798568,-4.6436204,63.2366319,1706497951.3098578,637346410.3575965
2025-11-11 15:00:00+00:00,KCS,13.157909765362655,-0.22410066,-0.47893724,6.52059988,1706960590.8902519,7698469.40462582
2025-11-11 15:00:00+00:00,WLD,0.8020844088609796,1.23255487,-3.27399471,11.98011087,1821127731.5881777,165337490.21843722
2025-11-11 15:00:00+00:00,POL,0.1779242467155778,0.65806132,-1.94987272,4.81666261,1874357651.7380173,140079880.04086
2025-11-11 15:00:00+00:00,RAY,1.6000520474507898,1.46150185,2.40533322,15.36243338,429221366.8751102,90559391.41470778
2025-11-11 15:00:00+00:00,PI,0.2309310234370214,0.49507475,0.49403365,1.59019727,1918542656.159985,27854185.07165876
2025-11-11 15:00:00+00:00,ASTER,1.0774920441981966,1.6094562,0.22084344,17.0689446,2174055697.578701,502348462.3980116
2025-11-11 15:00:00+00:00,APT,3.2396261607605537,1.83047628,0.58593236,19.02681165,2335710131.789985,133838929.14114079
2025-11-11 15:00:00+00:00,ENA,0.3280756727087067,0.47600577,-3.25208725,-0.37348809,2435449251.62354,385226959.7504336
2025-11-11 15:00:00+00:00,ETC,16.035859052417305,1.38420431,-0.95293287,6.54699221,2474058558.489962,141600907.94603366
2025-11-11 15:00:00+00:00,M,2.426051434575466,1.33726349,-1.57178699,2.04243943,2521883052.4120264,13746825.87552241
2025-11-11 15:00:00+00:00,PEPE,6.002113837857256e-06,0.75590724,-1.87174729,4.04460661,2525028668.1573086,395961557.2893885
2025-11-11 15:00:00+00:00,OKB,125.70530912887789,0.72757746,-0.99773834,-5.42840283,2639811491.7064357,50874709.43665525
2025-11-11 15:00:00+00:00,USD1,0.999601831046528,0.01074964,0.01620127,0.06785641,2829659807.6566634,302172579.65579987
2025-11-11 15:00:00+00:00,BGB,4.121526062186072,-0.15948966,0.42218355,0.76969982,2875423611.8117576,66859982.88716885
2025-11-11 15:00:00+00:00,PYUSD,0.9998415117231811,0.02362921,0.02367046,0.03219739,3120384615.079688,103330225.21432255
2025-11-11 15:00:00+00:00,AAVE,215.62377458620142,0.21526704,-2.5377511,7.36127744,3292302102.930607,514710855.0922701
2025-11-11 15:00:00+00:00,NEAR,2.7191757592818315,2.67671776,-5.37400729,41.26796148,3479676932.1222844,523909745.6385429
2025-11-11 15:00:00+00:00,ICP,6.547902961747713,1.44597713,-3.05541001,21.04945898,3533601132.978706,525894114.1538218
2025-11-11 15:00:00+00:00,ONDO,0.6709278656370931,0.69338287,-1.37180754,9.8534301,2119533271.750041,80975402.27715687
2025-11-11 15:00:00+00:00,ALEO,0.23164929303645546,-1.17522739,-1.11553575,-8.25591145,149297028.16475838,7063365.9938742
2025-11-11 15:00:00+00:00,S,0.14550270647935537,1.11487098,-4.04876624,18.93205459,419047794.66054344,67011022.26192107
2025-11-11 15:00:00+00:00,NFT,4.0219780045760765e-07,0.03044126,0.40976594,1.80327907,402193778.47960305,38642455.37726253
2025-11-11 15:00:00+00:00,TEL,0.0031338766229488516,-0.60381366,-5.76679678,13.26712065,285205874.2165654,1114829.27969518
2025-11-11 15:00:00+00:00,FLUID,4.076069669154249,-0.25174091,0.90935881,11.54934389,315847337.8809262,16868401.94939694
2025-11-11 15:00:00+00:00,TIBBIR,0.32649391643090797,0.37830283,-5.70881294,8.82201803,326493916.43090796,13790104.89944129
2025-11-11 15:00:00+00:00,VSN,0.09960130900373144,0.09946003,-0.12693726,0.49558118,336804815.351901,3483263.35838828
2025-11-11 15:00:00+00:00,BORG,0.35210080857768,-0.75328371,-1.58735052,0.7766341,345851879.5633301,792852.846188
2025-11-11 15:00:00+00:00,CCD,0.03210281537439269,1.72477491,-3.2388926,5.55558504,376637537.3708252,1428247.17135325
2025-11-11 15:00:00+00:00,GHO,0.9995733639596497,0.03350966,0.0279767,0.04404797,437932093.4576726,867466.4448783
2025-11-11 15:00:00+00:00,ZBU,1.122485621302993,1.20377457,-0.44129598,-25.15133617,464291478.5054406,210935.90573739
2025-11-11 15:00:00+00:00,USDAI,1.004983633203269,0.07229586,0.11033608,-0.02816724,503849676.11802983,2387665.63242958
2025-11-11 15:00:00+00:00,USD0,0.9977111557847343,-0.00938991,-0.02465144,0.00862505,559796142.1764816,4205.08002259
2025-11-11 15:00:00+00:00,BDX,0.08104774870250735,-0.0078374,0.15725125,0.72030743,606025940.6220558,10430026.20971013
2025-11-11 15:00:00+00:00,USDY,1.1097180952836811,0.0107612,-0.08873364,0.05455972,692078091.8887677,1293343.88064758
2025-11-11 15:00:00+00:00,FTN,1.8338680855430378,0.01870047,-8.18987234,-8.83510277,800046065.641419,24463502.04099984
2025-11-11 15:00:00+00:00,USDG,0.999762222729461,0.02361495,-0.00514184,0.01244853,1066061750.2317712,19316603.32680927
2025-11-11 15:00:00+00:00,USDf,0.9993054318112229,0.02956213,0.05562295,0.45348488,2003198092.181459,1850757.90513495
2025-11-11 15:00:00+00:00,JLP,5.103044801296408,-0.10601333,-1.27059326,0.01387634,2099245563.05154,80775888.13111192
2025-11-11 15:00:00+00:00,YFI,4874.146758533673,1.07422261,-1.13533549,7.28439392,165476971.63977233,18789244.53131511
2025-11-11 15:00:00+00:00,GAS,2.5586936526085777,0.29724044,3.13409068,10.86976646,166295464.7979357,14909706.4285445
2025-11-11 15:00:00+00:00,TFUEL,0.023634027371785868,-0.86229667,-0.00240523,11.93842624,168458600.40076426,2993716.63184365
2025-11-11 15:00:00+00:00,PROM,9.312942256850926,0.2587746,2.9685642,-12.0338293,169961196.18752939,3331603.86292008
2025-11-11 15:00:00+00:00,XNO,1.289497106674428,2.65552451,1.31470251,77.50809053,171823293.45079488,8579382.12520823
2025-11-11 15:00:00+00:00,DOG,0.001716393202308792,1.30343618,0.75826059,16.65962364,171639320.2308792,6241881.84531527
2025-11-11 15:00:00+00:00,MOVE,0.06196237566037649,1.03846634,-1.32469291,14.86432838,173494651.84905416,44845601.01762913
2025-11-11 15:00:00+00:00,FORM,0.4563772874164079,-0.21018535,-1.88520585,5.62297505,174275542.05603,24804901.37911693
2025-11-11 15:00:00+00:00,ZRX,0.20738768603394006,1.53197215,-2.13973891,15.77282155,175947000.01842824,30114331.20073188
2025-11-11 15:00:00+00:00,SFP,0.3563383892027698,0.67726281,-0.79671209,4.71728511,178169194.60138488,3830074.92404218
2025-11-11 15:00:00+00:00,AXL,0.16785682042604574,1.38978607,-1.67138855,4.30983177,179364639.9353338,8820525.54055929
2025-11-11 15:00:00+00:00,LION,0.009024978003512965,0.74469402,-0.80286855,-1.04068956,278377438.2046531,958592.69799409
2025-11-11 15:00:00+00:00,MINA,0.14813310642494482,1.25076185,-6.82737667,8.38410586,186829063.0646136,39653823.6458027
2025-11-11 15:00:00+00:00,AIA,2.093458919319705,0.4944653,-24.04790776,-0.20318341,270579565.32207185,53175700.63836762
2025-11-11 15:00:00+00:00,UPC,2.00255558647329,0.08538599,-0.31975442,-0.06136998,194780997.4172287,533690.95175939
2025-11-11 15:00:00+00:00,KITE,0.08365904638316296,0.16827437,-2.51492139,18.70015387,150586283.48969334,231873824.77487063
2025-11-11 15:00:00+00:00,PLUME,0.04832324374005864,0.61110357,-7.68832684,-10.69733042,151532679.69728044,25634942.09851164
2025-11-11 15:00:00+00:00,AIC,0.2025818362916412,-0.23878402,12.42071085,18.48526437,151936316.44418,4312793.34260351
2025-11-11 15:00:00+00:00,GOMINING,0.3743511714587001,-0.23011692,2.38893282,-4.12957541,152255950.85156316,8781330.80781047
2025-11-11 15:00:00+00:00,ZIL,0.007805356196465184,0.74101675,0.48566783,10.46592852,152828815.45844862,27287506.32129328
2025-11-11 15:00:00+00:00,ORE,372.9156756350429,1.85805174,-8.34024391,174.24166539,153370907.19843325,36334903.90422787
2025-11-11 15:00:00+00:00,SNEK,0.0020716388516025413,0.10408964,-3.54111896,11.55104753,154789937.1733566,4196183.58883162
2025-11-11 15:00:00+00:00,GIGGLE,156.23797456888352,4.19603445,-0.34082121,90.67028264,156237974.5688835,58895238.4825904
2025-11-11 15:00:00+00:00,B,0.15632155917749305,3.87533214,3.88430644,-10.77826444,156321559.17749304,11182735.62173013
2025-11-11 15:00:00+00:00,SHFL,0.45353933256602763,0.03640625,1.48075352,11.1357852,157398858.87378913,406907.02385682
2025-11-11 15:00:00+00:00,CKB,0.003332228648171951,1.69870185,-0.5692679,9.8882662,158692601.7354565,5207590.17128498
2025-11-11 15:00:00+00:00,BMX,0.49916219484401403,-0.06289548,-1.14631684,-0.16729279,161869123.17210966,5702773.20337767
2025-11-11 15:00:00+00:00,MOCA,0.040961068897976884,0.20336225,-0.33981636,-22.08967882,162068108.80415395,9453755.42521778
2025-11-11 15:00:00+00:00,RVN,0.010273217940642704,1.1002166,-3.11355159,12.8112608,162233362.52316383,12206819.85029282
2025-11-11 15:00:00+00:00,ROSE,0.02170852410684709,1.85372851,0.14243501,27.54949338,162432758.83700645,15944874.59124952
2025-11-11 15:00:00+00:00,KOGE,47.999913131885954,0.00508978,0.01294724,0.0014843,162634670.31098634,732285813.8965366
2025-11-11 15:00:00+00:00,DGB,0.009076210503196784,0.66348462,-2.61486884,-5.09630831,163336636.03141212,12114207.27172712
2025-11-11 15:00:00+00:00,KAVA,0.15150477280008753,0.02010185,-6.81944674,29.70431445,164056601.43180734,30521504.50593019
2025-11-11 15:00:00+00:00,USDF,1.0000469463700516,-0.01212633,0.181467,0.19530993,165993109.71375746,370004.81760666
2025-11-11 15:00:00+00:00,,0.16611367786464087,2.1904704,-3.303567,24.23564309,166113677.86464086,30879868.52264845
2025-11-11 15:00:00+00:00,KTA,0.38163558476292403,-0.45703213,-6.71249053,22.49902154,166819043.69095486,5555748.98255715
2025-11-11 15:00:00+00:00,UDS,2.371258432966463,-0.19015852,2.72304588,-5.07527591,182196971.09906363,2203719.3366047
2025-11-11 15:00:00+00:00,COAI,0.9924371251311438,1.40667697,-7.9565737,-17.90121746,186578276.7834933,52299701.37154475
2025-11-11 15:00:00+00:00,DUSD,0.9992590470023628,-0.00241518,-0.04964551,0.03048329,187823219.36469206,20235376.62483357
2025-11-11 15:00:00+00:00,SOSO,0.6855845113154803,0.02237566,-4.55304905,-4.51991478,188375708.73278776,10081654.72474665
2025-11-11 15:00:00+00:00,LGCT,1.800283707565012,-0.03927758,-0.09806923,-1.3072295,191081119.86448565,5205220.97608611
2025-11-11 15:00:00+00:00,ALE,0.4630899615701197,-0.27542908,-1.50597574,-2.20777067,192793355.52867135,594426.23252732
2025-11-11 15:00:00+00:00,ZANO,16.11667900515634,-0.18443697,3.99472427,8.98856963,241803386.2347411,2289421.99527996
2025-11-11 15:00:00+00:00,AKT,0.6631152832249446,1.01632283,-1.90159043,11.74776058,187021342.83007446,8534352.44523954
2025-11-11 15:00:00+00:00,USELESS,0.18916965866290592,2.14293083,-9.29107353,18.02578926,188997608.9072582,49971909.56939877
2025-11-11 15:00:00+00:00,BARD,0.8394634082871353,1.68704898,6.09280546,21.35660404,188879266.86460543,28735669.47940779
2025-11-11 15:00:00+00:00,RUNE,0.7941597499924559,0.59064221,-3.20320786,2.73600744,278910484.575253,34075716.99667073
2025-11-11 15:00:00+00:00,EGLD,9.807064872802378,0.95228772,-2.06657278,14.21207872,282156693.35394853,17712130.08903279
2025-11-11 15:00:00+00:00,0G,1.3365904315770314,0.86578664,-12.91977904,12.36318242,285019887.3180316,89509932.93162853
2025-11-11 15:00:00+00:00,XEC,1.4740959813530801e-05,0.43210128,-0.89874307,8.6636191,294024404.9564848,7583521.5971181
2025-11-11 15:00:00+00:00,APE,0.3943307988982781,1.27533682,0.89916946,7.50114533,296793673.20194936,34945340.37623639
2025-11-11 15:00:00+00:00,EURC,1.1596937586142668,0.09251597,0.2710433,0.9703573,296868425.058443,91799343.33077845
2025-11-11 15:00:00+00:00,1INCH,0.2126331587133318,1.11114164,1.6253551,40.45911159,297603576.90384847,39249319.84849861
2025-11-11 15:00:00+00:00,DEEP,0.06817257962377275,1.24569481,-2.09089217,7.58912957,297787890.8230779,20590160.88176579
2025-11-11 15:00:00+00:00,JTO,0.7481826802359153,0.73584924,-4.30736777,-8.93216427,298885781.24058515,51114747.32521138
2025-11-11 15:00:00+00:00,FARTCOIN,0.30041276379055665,0.91692822,-10.21599062,20.23087714,300412239.8706966,108140181.0499837
2025-11-11 15:00:00+00:00,FF,0.13397538551895252,2.61908349,-2.21808475,13.88163978,313502402.1143489,63146388.6621033
2025-11-11 15:00:00+00:00,W,0.06497898282634805,1.66993963,-2.21919715,13.92820626,318569204.5004238,43390843.45521037
2025-11-11 15:00:00+00:00,TRAC,0.6379320310963194,-0.81634993,-6.33653322,24.74501625,318964930.80980986,3357816.17125268
2025-11-11 15:00:00+00:00,COMP,33.96274314342647,1.01652451,-0.82339064,4.42108195,327414094.9540281,24615876.88589728
2025-11-11 15:00:00+00:00,GNO,125.09110929197142,0.69171402,-6.45128777,4.2973671,330143307.7983657,6193890.41379533
2025-11-11 15:00:00+00:00,ZRO,1.6094256030779452,1.63714593,0.61436413,14.63734142,330930183.4323215,51270781.57036956
2025-11-11 15:00:00+00:00,BAT,0.2237160449288214,1.36916471,-2.37958208,4.54697558,334614763.3621845,44037622.15646657
2025-11-11 15:00:00+00:00,AR,5.1256955690770045,0.3224873,-4.76283964,17.94690488,336514554.0751787,97976763.1045932
2025-11-11 15:00:00+00:00,CHZ,0.033836992222835885,0.90247767,-0.81458134,15.73415009,341580499.96152705,24157834.41780223
2025-11-11 15:00:00+00:00,WAL,0.22861514953638612,0.30623383,-1.5217048,4.40570828,345589901.1253754,37397572.30976783
2025-11-11 15:00:00+00:00,EIGEN,0.8113024582644545,0.79233135,-2.37296082,7.01885729,353980642.66159683,81219785.91873854
2025-11-11 15:00:00+00:00,ZBCN,0.003785914794490404,3.56388477,8.22819422,24.26181691,354974541.42879623,19130856.40559742
2025-11-11 15:00:00+00:00,ATH,0.025640545666751564,0.92563756,-0.59966074,5.47363317,364986289.5411145,23231608.12948278
2025-11-11 15:00:00+00:00,JST,0.03693445077486129,-0.31121541,0.19436617,6.27647951,365651062.6711267,27350419.57628923
2025-11-11 15:00:00+00:00,NEO,5.263373961100502,0.78338564,-1.08603259,4.43768455,371272246.3318689,28080367.36752389
2025-11-11 15:00:00+00:00,H,0.1721007974076109,1.74205603,-5.19994716,-29.85108063,374636109.1033533,29912081.98154689
2025-11-11 15:00:00+00:00,MERL,0.3780947613359435,3.64055547,5.81199533,15.43822393,397747184.8180406,405115644.5575353
2025-11-11 15:00:00+00:00,SNX,0.8118209885888499,1.96432447,-7.54216165,-8.2004973,278833083.83051246,40050474.44448326
2025-11-11 15:00:00+00:00,RSR,0.0044894806765831685,0.41086117,-2.96587362,-2.68038783,274151042.71158206,20727697.76300068
2025-11-11 15:00:00+00:00,ZORA,0.06108431298008164,0.77685217,0.34231811,-3.08385908,273046878.95988065,51425281.49533958
2025-11-11 15:00:00+00:00,DYDX,0.3246458556916673,1.36363414,-1.72257452,17.2427974,261878826.02285284,29724310.59632672
2025-11-11 15:00:00+00:00,SAHARA,0.07954062066986195,0.46443544,1.10452976,8.95952045,189074683.77034476,20412730.29281419
2025-11-11 15:00:00+00:00,MET,0.39985109511729533,3.03894661,9.58576971,12.83267753,191023915.8743054,82623042.31349759
2025-11-11 15:00:00+00:00,LINEA,0.012682186345006936,1.25944462,-2.08775239,9.59003282,196347484.0546485,82503080.17636774
2025-11-11 15:00:00+00:00,SUPER,0.3119855590200767,0.73544113,-2.93334883,1.82942825,198785538.18938223,11397823.93958548
2025-11-11 15:00:00+00:00,LUNC,3.661942425561811e-05,1.09469216,-1.6617612,-6.29585858,201192991.76290455,11412093.89225128
2025-11-11 15:00:00+00:00,KMNO,0.06259557730457398,0.32763742,-0.319551,1.63222392,201506318.7359885,17816664.29471392
2025-11-11 15:00:00+00:00,MX,2.18103736788156,0.03515614,-0.15603077,6.91092318,201651809.87002236,21473657.88265194
2025-11-11 15:00:00+00:00,KSM,11.801726834350166,1.18401612,-2.75191524,21.63466969,204316653.6459845,20232882.90368229
2025-11-11 15:00:00+00:00,QTUM,1.953099734189609,0.66835421,0.81862065,11.07396736,206808001.43526745,48199963.06040373
2025-11-11 15:00:00+00:00,CVX,2.128841341068602,-3.20429017,2.52992608,9.81059796,208144409.96913728,23670343.02084189
2025-11-11 15:00:00+00:00,RON,0.2915819799645424,0.28061883,-2.89332163,-0.72174757,210255919.48397306,3368181.58721487
2025-11-11 15:00:00+00:00,KAITO,0.8712624476503289,1.05574127,-2.50508709,-3.92982289,210313074.26573354,14720896.03928746
2025-11-11 15:00:00+00:00,CTC,0.41992675621810327,0.4977025,-2.3769686,-0.99362818,212276263.71467915,11102077.5603026
2025-11-11 15:00:00+00:00,USDD,0.9997924879848789,-0.02955832,-0.02080354,0.04292757,409480381.26453996,7093374.69422625
2025-11-11 15:00:00+00:00,AMP,0.002540722088404235,-0.24430093,-0.40064674,8.33165525,214137478.36081356,19024720.31358118
2025-11-11 15:00:00+00:00,TOSHI,0.0005140080251533267,0.62995944,-2.63024689,-7.98429472,216230273.83209223,22927795.83806435
2025-11-11 15:00:00+00:00,AIOZ,0.1792858441354867,-2.30337576,8.95125169,21.63847789,218021155.68989,18977233.07962403
2025-11-11 15:00:00+00:00,BEAM,0.004443152208402962,1.74601626,-2.57309712,3.59764814,219784985.65991932,8545094.88681888
2025-11-11 15:00:00+00:00,CHEEMS,1.1995625613861932e-06,0.73501483,-2.61808178,-6.24849893,224912024.1623698,2741161.37113737
2025-11-11 15:00:00+00:00,GLM,0.22922956712454085,0.59628972,5.55378246,25.83228921,229229567.12454084,48392751.22485993
2025-11-11 15:00:00+00:00,BRETT,0.023256290749263595,1.9585291,-5.1874053,4.57125954,230475338.9960539,26669301.12610762
2025-11-11 15:00:00+00:00,CORE,0.22889694697575688,11.02871744,6.11327095,12.38222468,232947077.19045523,17506935.04113375
2025-11-11 15:00:00+00:00,ZEN,13.346141461040347,0.98614968,-5.84987982,-32.43750849,234456576.76680952,173248130.68527868
2025-11-11 15:00:00+00:00,AXS,1.4187093391714887,0.92395382,-0.86234555,14.31494283,236953210.18671772,28485248.71559762
2025-11-11 15:00:00+00:00,XCN,0.006768975717323146,0.6453379,-1.46644543,-2.73183153,244055420.50532636,14123526.82987371
2025-11-11 15:00:00+00:00,LPT,5.450674202177202,1.77299291,3.49227457,7.04130852,253136062.0865758,33471360.05668537
2025-11-11 15:00:00+00:00,WEMIX,0.5560730769380262,-0.72772079,-0.59575962,-3.34427505,254788537.67514318,3871977.2552727
2025-11-11 15:00:00+00:00,FTT,0.7791895734275931,1.29964781,-0.07088215,-3.62093444,256271635.6426367,5455633.27883612
2025-11-11 15:00:00+00:00,BERA,1.627239104033987,0.7868021,-6.77729799,0.96985853,214915000.54441804,27282862.51945463
2025-11-11 15:00:00+00:00,GIGA,0.005325428433338446,0.71006015,0.30836885,3.54288537,49539328.766980775,3618106.03754311
